adopt,1
presage,1
tempering,1
command,1
sacrificed,1
also,2
alliances,1
faith,2
swill,1
between,6
long,4
bound,1
supplication,1
is,43
fallen,1
ours,1
divine,1
stronger,2
out,3
loyalty,1
either,1
allotted,1
author,1
resorting,1
station,2
only,5
wisely,1
muslims,1
submitted,1
domestic,1
has,19
addition,1
laid,1
fixed,1
hardearned,1
route,1
conscious,1
ordered,1
service,3
shuttered,1
cut,1
deserve,1
judged,1
flourish,1
size,1
more,13
destiny,2
wrong,1
dispositions,1
extend,2
execute,1
anxieties,1
instrument,1
tranquil,1
unpleasant,1
no,15
shown,1
particular,2
wisest,1
fame,1
beneath,1
estimates,1
friends,1
humility,1
indifference,1
reveal,1
sapping,1
collective,1
grandest,1
honorable,1
waver,1
deciding,1
established,2
forward,3
justness,1
awaken,1
revolution,2
fought,1
women,4
relies,1
sweatshops,1
may,9
generations,3
wornout,1
they,20
pledge,1
prepare,1
gift,2
keepers,1
hands,2
nuclear,1
good,5
humanity,1
difficult,1
raw,1
carefully,1
undiminished,1
tasted,1
documents,1
recommend,1
unfolds,1
dangers,1
asylum,1
wealth,2
all,12
reject,1
swayed,1
product,1
happiness,4
born,1
means,1
scale,1
based,1
promise,2
another,1
science,1
defense,2
bless,2
sentiments,2
enemy,1
step,1
common,6
interruptions,1
meet,5
real,1
return,2
childrens,1
path,2
unpracticed,1
smoke,1
demands,1
nurture,1
transmitted,1
terror,1
required,2
cause,1
charge,1
race,2
heaven,2
time,7
hard,3
maxims,1
themselves,3
take,3
expanded,1
nations,4
thought,1
its,12
affections,1
how,3
whip,1
aside,1
growth,1
retirement,1
instance,1
deceit,1
costly,1
contemplated,1
christians,1
dissent,1
veneration,1
data,1
dare,2
accordingly,1
must,11
decision,1
judgment,1
assure,3
serious,1
swift,1
attention,1
future,5
economy,4
why,2
temperate,1
ready,1
something,2
am,1
year,2
nourish,1
their,13
faroff,1
publics,1
pray,1
had,1
truths,1
unmatched,1
require,1
city,1
change,1
national,1
habits,1
indicators,1
some,5
quality,1
business,1
currents,1
your,12
love,2
carried,3
greatness,2
deficiencies,1
security,2
pick,1
abandoned,1
course,1
administration,2
traveled,2
necessary,2
imagination,1
benign,1
charter,3
firm,1
transition,1
besides,1
bad,1
retreat,2
depended,1
outside,1
characteristic,1
shape,1
people,11
cost,1
have,28
raging,1
his,6
horizon,1
sights,1
week,1
winter,2
men,5
patriots,1
today,6
party,1
prefer,1
a,61
having,1
considered,1
at,10
god,3
dying,1
spoken,1
consume,1
overwhelm,1
never,4
communism,1
expresses,1
lash,1
job,1
does,1
shall,6
knowledge,2
opportunities,2
thus,1
use,2
stranger,1
indispensably,1
trust,4
untried,1
deserts,1
bush,1
staked,1
next,1
demand,1
kindness,1
putting,1
lower,2
conspicuous,1
none,1
universe,1
till,1
present,5
gladly,1
presidential,1
riches,1
back,2
tribe,1
flattering,1
consequence,1
every,17
undertaking,1
sahn,1
expenditures,1
each,2
adversaries,1
possessions,1
human,2
raise,1
done,2
these,12
faction,1
united,6
resources,1
friend,2
prosperous,2
meaning,2
inhabit,1
judge,2
iraq,1
occasional,1
exemplified,1
latter,1
big,2
senate,1
hindus,1
seems,1
itself,2
then,3
ground,1
such,3
ought,4
words,4
too,9
month,2
waters,2
evidence,1
grids,1
conducts,1
other,2
can,22
inevitable,1
peoples,1
digital,1
read,1
one,6
behold,1
affectionate,1
hand,4
weakened,1
large,1
what,8
faithful,2
even,2
rising,1
selflessness,1
surely,1
citizenship,1
jews,1
joined,1
life,4
included,1
account,1
endured,1
godgiven,1
threats,1
measure,1
afghanistan,1
willing,2
restraint,1
actuate,1
move,1
nothing,2
lights,1
flow,1
lines,2
very,1
discord,1
saw,1
await,1
prudent,1
ushering,1
employed,1
sees,1
nature,3
perils,1
weighty,1
side,2
lost,1
whilst,1
regard,2
virtue,3
republican,1
there,6
depth,1
precisely,1
prosper,1
intend,1
ask,1
thence,1
emoluments,1
expand,1
progress,1
tranquillity,1
being,4
voluntary,1
advantage,1
promises,1
assembled,1
local,2
icy,2
felicity,1
attributes,1
generosity,1
choices,1
resulted,1
borne,1
remember,2
commence,1
whose,3
war,2
amidst,1
vicissitudes,1
afford,2
power,5
source,1
reaffirming,1
say,3
charity,1
way,3
sum,1
success,4
limited,1
decline,2
concerns,1
proceedings,1
accomplished,1
patriotism,2
us,24
endowments,1
action,1
less,10
lessen,1
law,1
selected,1
clouds,1
reverence,1
pledges,1
recall,1
served,1
would,2
advancement,1
exists,1
ordained,1
willingness,2
rightful,1
house,2
ability,1
auspiciously,1
animosities,1
deliberations,2
motives,1
capital,1
imparted,1
woman,1
small,3
you,19
rules,2
ill,1
unity,1
fair,1
shores,1
died,1
civil,2
enduring,2
suffering,1
originated,1
hear,1
through,4
tanks,1
history,3
assemblage,1
aids,1
comprehensive,1
humbled,1
faced,2
achieve,1
embody,1
instruments,1
establishing,1
gettysburg,1
corruption,1
ardent,1
road,1
arduous,1
old,3
immutable,2
control,1
jobs,3
build,2
true,2
if,2
preservation,1
told,1
her,1
stale,1
in,56
were,3
personal,1
homage,1
fellow,3
ambitions,2
dwell,1
ourselves,3
harmony,1
strongly,1
enlarged,1
prospect,1
benediction,1
during,2
hours,2
noble,1
struggled,1
midst,1
era,2
incident,1
feelings,1
honored,1
drafted,1
values,1
past,1
safety,1
threat,1
reflections,1
electric,1
dark,1
guided,2
set,1
services,1
pecuniary,2
experienced,1
smaller,1
nagging,1
smiles,1
sun,1
my,24
impregnably,1
equally,1
age,2
declining,1
given,3
frequent,1
advanced,1
office,1
winds,1
cynics,1
most,6
full,1
chapter,1
be,35
alarmed,1
poor,1
dollars,1
light,3
produced,1
liberty,3
wield,1
imagine,1
example,1
passed,2
grace,1
instead,2
for,35
influence,2
recommendations,1
settled,1
together,2
depend,1
free,4
sufficient,1
creed,1
policy,2
measurable,1
network,1
irresponsibility,1
justly,1
principles,2
scrutiny,1
gather,1
risktakers,1
plenty,1
fail,2
apply,1
remain,3
appreciation,1
generation,5
over,5
off,2
states,3
we,63
struggle,1
west,2
government,11
throughout,2
programs,1
societys,1
deeply,1
fortyfour,1
cooperation,2
segregation,1
eternal,1
advancing,1
system,3
of,153
protecting,1
heart,1
patchwork,1
emerged,1
firefighters,1
anticipation,1
challenges,2
received,1
spin,1
worked,1
gathering,1
high,1
force,3
forbearers,1
supply,1
knew,1
political,1
said,1
views,2
fire,1
mutual,2
not,20
made,1
relative,1
starved,1
specter,1
helps,1
fathers,1
under,5
giving,1
tell,1
brings,2
began,1
along,1
sacrifices,1
bodies,1
provision,1
minds,2
form,1
urged,1
instituted,1
rewards,1
win,1
finally,2
innocents,1
so,12
inapplicable,1
dignified,1
public,6
against,2
settling,1
voice,2
emotions,1
timeless,1
soil,1
reach,1
roads,1
consumed,1
inventive,1
proof,1
compared,1
land,1
conflict,3
here,1
recriminations,1
generate,1
duty,4
wonders,1
was,9
precious,1
therefore,1
cars,1
demanded,1
apologize,1
decent,1
juncture,1
coldest,1
ills,1
effort,1
despondence,1
quiet,1
language,1
calls,2
weakness,1
create,1
up,4
ages,1
magnanimous,1
interests,2
hatreds,1
look,1
without,4
oath,3
which,40
freemen,1
governments,2
forgotten,1
myself,4
role,1
partiality,1
omit,1
journey,3
since,4
liberties,2
impressions,2
adore,1
globe,1
preeminence,1
should,1
mountains,1
years,2
needed,1
homes,1
feed,2
lie,1
understand,2
campfires,1
now,7
called,1
hardship,1
silencing,1
eyes,1
expected,1
where,3
repaired,1
easily,1
act,2
grateful,2
often,2
bind,1
article,2
clean,1
whisper,1
find,2
parent,1
leaders,1
from,12
essential,1
advance,1
fainthearted,1
substitute,1
grievances,1
remained,1
survive,1
works,1
suggest,1
drawn,1
responsibly,1
seem,1
see,1
lay,1
tested,1
storm,1
ultimately,1
rights,2
answer,2
with,30
begin,2
narrow,1
me,8
thinking,1
workers,2
persuaded,1
strength,1
snow,1
communities,2
work,6
falter,1
union,2
necessity,1
determination,1
councils,1
whether,4
children,2
choose,1
remains,1
watchful,1
rule,1
protect,1
advantageously,1
improper,1
businesses,1
consultations,1
earth,3
arguments,1
private,2
tirelessly,1
scarcely,1
reform,1
sensibility,1
down,1
help,1
restaurant,1
aver,1
search,1
unanimity,1
again,3
consideration,1
distrustful,1
them,6
invisible,1
live,1
circumstance,1
heritage,1
surest,2
inclination,1
palliated,1
consequences,1
concord,1
decisions,1
places,1
but,23
objections,1
break,1
recognition,1
fondest,1
forth,2
ancestors,1
delegated,1
add,1
darkest,1
stand,2
dust,1
destroy,1
depends,1
wise,1
remembrance,2
prosperity,4
alongside,1
earlier,1
ago,1
any,1
restore,2
fuel,1
skill,1
further,2
believe,1
into,3
satisfaction,1
turn,1
farreaching,1
day,7
by,28
to,118
rather,3
factories,1
like,2
waste,1
departed,1
token,1
qualifications,2
the,251
executing,1
leisure,1
childish,1
supplications,1
character,2
notification,1
danger,1
reminded,1
few,1
powers,1
sixty,1
acquit,1
it,30
that,67
derived,1
former,3
pious,1
capacity,1
entrusted,1
fate,1
young,1
schools,2
dissolve,1
official,2
affected,1
far,5
child,2
continuance,1
endure,1
months,1
gradual,1
reaffirm,1
event,2
ways,1
rugged,1
habit,1
khe,1
soon,1
did,2
chosen,2
towards,1
defeat,1
politics,1
fortified,1
proclaim,1
shaped,1
transform,1
safely,2
span,1
foregoing,1
man,3
dogmas,1
deliberating,1
compensation,1
brave,2
idea,1
americans,3
petty,1
harness,1
plowed,1
just,5
strengthen,1
nonbelievers,1
manage,1
collect,1
guardians,1
sturdy,1
honest,1
alone,1
place,2
difficulty,1
alteration,1
great,4
commerce,1
much,2
fellowcitizens,1
seize,1
missiles,1
lead,1
goods,1
call,1
uncertain,1
honor,1
predilection,1
price,1
addressed,1
inspire,1
health,3
sufficiently,1
false,2
culture,1
mislead,1
fascism,1
blame,1
remaking,1
stairway,1
properly,1
citizens,5
plans,1
might,4
incapacity,1
forced,1
part,2
freedom,3
once,4
due,1
play,2
understood,2
exercise,1
duties,3
humble,3
market,2
consider,1
study,1
functions,1
across,3
separate,1
courage,3
broken,1
around,1
aims,1
because,8
cling,1
affairs,1
pursuit,1
recommendation,1
hope,4
worlds,1
own,2
failure,1
oceans,1
permanent,1
tides,1
earned,1
enable,1
convictions,1
inducing,1
disinclination,1
blood,2
differences,1
still,3
sacred,2
nor,7
enjoy,1
subject,3
possible,1
mind,1
agency,1
band,1
effective,1
thingssome,1
starting,1
well,4
designates,1
strangled,1
fear,2
simply,1
birth,3
executive,2
make,2
american,4
bitter,1
respect,2
peculiarly,2
tribute,1
spirit,5
grows,2
avoid,1
could,4
come,4
when,8
legacy,1
entire,1
thank,2
degree,1
entering,1
qualities,1
prejudices,1
obscure,1
model,1
blessings,1
greed,1
promoted,1
wage,1
pleased,1
purpose,2
experience,1
face,2
circumstances,2
universities,1
let,7
rendered,2
those,14
huddled,1
hatred,1
farms,1
world,7
father,3
unparalleled,1
summons,1
accept,1
ideals,3
nation,14
decide,1
objects,2
country,7
inferior,1
join,2
already,1
hungry,1
decides,1
met,2
consent,1
vital,1
individual,1
characters,1
gratitude,2
department,2
order,2
warming,1
expediences,1
please,1
first,2
our,68
14th,1
summoned,1
longer,2
delivered,1
distinguished,1
seek,4
fervent,1
and,159
bold,1
heroes,1
important,1
defect,1
entitle,1
constitution,1
consecrate,1
threaten,1
refused,1
cares,2
morality,1
outlast,1
muslim,1
productive,1
understanding,1
patrol,1
bigger,1
consistent,1
do,7
pat,1
arlington,1
forge,1
run,1
define,1
constitutional,1
resolution,1
statistics,1
propitious,1
violence,1
devise,1
better,2
america,8
planet,2
this,34
task,3
inquietude,1
toiled,1
borders,1
inheriting,1
gross,1
pursue,1
emanates,1
normandy,1
labor,1
providential,2
care,3
satisfying,1
doubt,1
peace,4
tolerance,1
energy,1
someday,1
right,1
hour,1
shed,1
dignity,1
benefits,1
storms,2
endanger,1
opportunity,1
occasion,1
little,1
makers,1
end,4
experiment,1
spend,1
slaughtering,1
standing,1
interest,1
actual,1
new,12
families,1
pass,1
packed,1
powerful,1
magnitude,1
blessing,1
before,5
talents,1
moments,1
arising,1
congenial,1
last,3
changed,1
who,17
misdirect,1
stained,1
choice,1
responsibility,1
gods,1
cannot,6
representatives,2
favor,1
suppressed,1
almighty,1
everywhere,1
refer,1
brief,1
bridges,1
chance,1
levees,1
acknowledge,1
doers,1
know,5
upon,3
question,4
honesty,1
foes,1
pure,1
sow,1
yet,2
truth,1
mark,1
consulted,1
sake,1
pleasures,1
held,1
obedience,1
share,2
carry,1
founding,2
awakened,1
measures,3
grudgingly,1
worldly,1
indissoluble,1
yes,1
attachments,1
bestowed,1
hopes,1
i,26
short,2
error,1
adorn,1
seeks,1
watch,1
roll,1
rectitude,1
perhaps,1
been,15
perfect,1
leave,2
outcome,1
parents,1
lessons,1
committed,1
moment,3
taken,2
mall,1
renounce,1
crisis,5
continue,1
greater,5
curiosity,1
watching,1
he,3
things,3
will,29
vision,1
village,1
state,1
an,13
solid,1
are,25
river,1
among,1
unclench,1
as,25
eve,1
effect,1
dear,1
observations,1
give,2
defining,2
instances,1
memories,1
ordinary,1
president,2
celebrated,1
foundation,2
expedient,2
shifted,1
or,16
technologys,1
independent,1
tendering,1
celebration,1
fist,1
on,32
transcendent,1
colleges,1
distinct,1
placed,1
capitals,1
tolerate,1
disregards,1
always,1
scripture,1
badly,1
genuine,1
many,4
shortcuts,1
than,14
came,1
fifth,1
lose,1
thoroughly,1
magnificent,1
distant,1
eye,2
profound,1
americas,2
presides,1
discernment,1
purposes,1
equal,2
mindful,1
favors,1
filled,2
confidence,4
